contrast_label,left_model,right_model,left_mean,right_mean,difference,lower_95,upper_95,percent_change,repetitions
Structure gain,Oracle-Shared,FNO+$\gamma_T$,0.038617658292766054,0.040689814100558525,-0.002072155807792471,-0.007556632078834473,0.001970710258436235,-5.092566416429088,10000
Prior-information gain,FNO+$\gamma_T$,FNO,0.040689814100558525,0.047321661685947196,-0.006631847585388671,-0.009722670286388811,-0.003657038783617688,-14.014401331469069,10000
Joint gain,Oracle-Shared,FNO,0.038617658292766054,0.047321661685947196,-0.008704003393181142,-0.012027895265567273,-0.006239273642156149,-18.39327505222817,10000
Fixed $\rho=0$ minus learned $\rho$,Oracle-Shared ($\rho=0$),Oracle-Shared,0.041431925337610497,0.038617658292766054,0.002814267044844443,0.0012828344626490836,0.004295527203715031,7.2875134569503865,10000
Fixed-$\rho$ structure gain,Oracle-Shared ($\rho=0$),FNO+$\gamma_T$,0.041431925337610497,0.040689814100558525,0.000742111237051972,-0.00387582443980794,0.004408481668127072,1.8238255776198924,10000
Fixed-$\rho$ joint gain,Oracle-Shared ($\rho=0$),FNO,0.041431925337610497,0.047321661685947196,-0.005889736348336699,-0.008584655116428199,-0.0027889541644712692,-12.44617398988281,10000
